Language,Code,Number of Responses,H Statistic,word,Modal Response Percentage,I don't know Response Percentage,Idiosyncratic Response Percentage,Familiarity,word_english,newfile,oldfile
Czech,1,83,0.167026804,myš,97.5308642,0,2.409638554,85.31325301,mouse,myš.png,PICTURE_1.png
Czech,4,83,1.091464905,oltář,63.01369863,3.614457831,8.43373494,68.02409639,church,oltář.png,PICTURE_4.png
Czech,5,83,1.074782068,rameno,75,1.204819277,2.409638554,84.90361446,shoulder,rameno.png,PICTURE_5.png
Czech,6,83,0.465069845,brada,90.12345679,0,2.409638554,90.54216867,chin,brada.png,PICTURE_6.png
Czech,7,83,0,víla,100,0,3.614457831,69.68674699,fairy,víla.png,PICTURE_7.png
Czech,8,83,0.394203354,noha,93.82716049,0,2.409638554,93.71084337,leg,noha.png,PICTURE_8.png
Czech,9,83,1.181373668,sprcha,60.24096386,0,0,92.19277108,shower,sprcha.png,PICTURE_9.png
Czech,11,83,0.895374922,hamburger,78.31325301,0,0,88.85542169,burger,hamburger.png,PICTURE_11.png
Czech,12,83,1.014939788,mořská panna,82.27848101,0,4.819277108,67.5060241,mermaid,mořská panna.png,PICTURE_12.png
Czech,14,83,0,župan,100,0,0,87.20481928,dressing gown,župan.png,PICTURE_14.png
Czech,15,83,0,lev,100,0,0,79.48192771,lion,lev.png,PICTURE_15.png
Czech,16,83,1.62264257,lovec,52.5,0,3.614457831,68.59036145,hunter,lovec.png,PICTURE_16.png
Czech,17,83,1.249868522,čert,62.65060241,0,0,70.79518072,devil,čert.png,PICTURE_17.png
Czech,19,83,0.553694818,krocan,91.46341463,0,1.204819277,78.44578313,turkey,krocan.png,PICTURE_19.png
Czech,20,83,0.461216041,kostra,90.24390244,0,1.204819277,80.62650602,skeleton,kostra.png,PICTURE_20.png
Czech,21,83,0.339712371,boxer,94.93670886,0,3.658536585,74.69879518,boxer,boxer.png,PICTURE_21.png
Czech,23,83,0.331305613,kolo,93.90243902,0,0,91,bike,kolo.png,PICTURE_23.png
Czech,24,83,0,kost,100,0,0,85.63855422,bone,kost.png,PICTURE_24.png
Czech,26,83,0,cibule,100,1.204819277,1.204819277,89.21686747,onion,cibule.png,PICTURE_26.png
Czech,28,83,0,mikroskop,100,0,1.204819277,80.19277108,microscope,mikroskop.png,PICTURE_28.png
Czech,29,83,0.784961835,kovboj,83.75,1.204819277,2.409638554,72.87951807,cowboy,kovboj.png,PICTURE_29.png
Czech,30,83,0.74090655,farma,83.75,0,3.614457831,79.30120482,farm,farma.png,PICTURE_30.png
Czech,32,83,0.167026804,koruna,97.5308642,1.204819277,1.204819277,78.40963855,crown,koruna.png,PICTURE_32.png
Czech,35,83,0,ucho,100,0,0,93.8313253,ear,ucho.png,PICTURE_35.png
Czech,38,83,0,pavouk,100,0,3.614457831,83.75903614,spider,pavouk.png,PICTURE_38.png
Czech,39,83,0,kapsa,100,0,6.024096386,88.57831325,pocket,kapsa.png,PICTURE_39.png
Czech,42,83,0,hruška,100,0,0,91.95180723,pear,hruška.png,PICTURE_42.png
Czech,43,83,0.991501787,hřeben,55.42168675,0,0,89.20481928,hairbrush,hřeben.png,PICTURE_43.png
Czech,46,83,0,šroubovák,100,0,0,85.53012048,screwdriver,šroubovák.png,PICTURE_46.png
Czech,47,83,0,poušť,100,0,2.409638554,73.27710843,desert,poušť.png,PICTURE_47.png
Czech,48,83,0.390509918,hasič,93.90243902,0,1.204819277,80.55421687,fireman,hasič.png,PICTURE_48.png
Czech,52,83,0,pila,100,0,1.204819277,84.8313253,saw,pila.png,PICTURE_52.png
Czech,53,83,0,taška,100,0,0,90.39759036,bag,taška.png,PICTURE_53.png
Czech,55,83,0,stín,100,0,1.204819277,90.03614458,shadow,stín.png,PICTURE_55.png
Czech,56,83,0,loket,100,0,0,93.27710843,elbow,loket.png,PICTURE_56.png
Czech,57,83,0.329974284,známka,95.12195122,0,1.204819277,82.68674699,stamp,známka.png,PICTURE_57.png
Czech,61,83,0.48217919,noviny,92,1.219512195,7.317073171,83.6746988,newspaper,noviny.png,PICTURE_61.png
Czech,62,83,0.613377897,vosa,88.88888889,0,2.409638554,84.43373494,wasp,vosa.png,PICTURE_62.png
Czech,63,83,0.771972584,balkon,84.14634146,0,1.204819277,82.81927711,balcony,balkon.png,PICTURE_63.png
Czech,64,83,0.163860513,knoflík,97.59036145,0,0,89.02409639,button,knoflík.png,PICTURE_64.png
Czech,66,83,0.165427034,střecha,97.56097561,0,1.204819277,87.97590361,roof,střecha.png,PICTURE_66.png
Czech,67,83,1.360964047,gauč,50,0,3.614457831,91.40963855,sofa,gauč.png,PICTURE_67.png
Czech,68,83,0,svíčka,100,0,0,90.04819277,candle,svíčka.png,PICTURE_68.png
Czech,69,83,0,banán,100,0,0,95.01204819,banana,banán.png,PICTURE_69.png
Czech,70,83,0.828665857,orchestr,85.13513514,0,10.84337349,81.18072289,orchestra,orchestr.png,PICTURE_70.png
Czech,71,83,0.723189323,pohár,84.3373494,0,0,79.60240964,trophy,pohár.png,PICTURE_71.png
Czech,72,83,0.340373286,sýr,93.67088608,0,4.819277108,90.95180723,cheese,sýr.png,PICTURE_72.png
Czech,73,83,0.173781323,vlna,97.4025974,2.409638554,4.819277108,79.13253012,wave,vlna.png,PICTURE_73.png
Czech,74,83,0,traktor,100,0,0,81.34939759,tractor,traktor.png,PICTURE_74.png
Czech,75,83,0,balónek,100,0,0,86.38554217,balloon,balónek.png,PICTURE_75.png
Czech,76,83,0.331305613,brokolice,93.90243902,0,1.204819277,85.97590361,broccoli,brokolice.png,PICTURE_76.png
Czech,77,83,0,velbloud,100,0,1.204819277,77.37349398,camel,velbloud.png,PICTURE_77.png
Czech,78,83,0,klíč,100,0,0,92.93975904,key,klíč.png,PICTURE_78.png
Czech,79,83,0,klávesnice,100,0,0,94.1686747,keyboard,klávesnice.png,PICTURE_79.png
Czech,80,83,0.882758679,vrtulník,69.87951807,0,0,79.07228916,helicopter,vrtulník.png,PICTURE_80.png
Czech,81,83,0.346563258,maso,94.80519481,1.204819277,6.024096386,80.65060241,meat,maso.png,PICTURE_81.png
Czech,82,83,0.881290899,park,70,0,3.614457831,88.77108434,park,park.png,PICTURE_82.png
Czech,83,83,0.163860513,srdce,97.59036145,0,0,91.46987952,heart,srdce.png,PICTURE_83.png
Czech,84,83,0,maska,100,0,1.204819277,77.48192771,mask,maska.png,PICTURE_84.png
Czech,85,83,0.920701076,diamant,82.92682927,0,1.204819277,77.48192771,diamond,diamant.png,PICTURE_85.png
Czech,86,83,0.508284032,řeka,91.13924051,0,4.819277108,87.3373494,river,řeka.png,PICTURE_86.png
Czech,87,83,0,robot,100,0,1.204819277,78.18072289,robot,robot.png,PICTURE_87.png
Czech,88,83,0.950779919,berle,73.4939759,0,0,81.20481928,crutches,berle.png,PICTURE_88.png
Czech,90,83,0.377646321,měsíc,92.68292683,0,0,87.84337349,moon,měsíc.png,PICTURE_90.png
Czech,91,83,1.387587043,ústa,67.90123457,0,2.409638554,90.57831325,mouth,ústa.png,PICTURE_91.png
Czech,92,83,1.177079476,tuleň,60.97560976,0,0,72.12048193,seal,tuleň.png,PICTURE_92.png
Czech,96,83,0.401825855,mléko,93.67088608,0,4.819277108,90.13253012,milk,mléko.png,PICTURE_96.png
Czech,97,83,0.848517797,pírko,84.3373494,0,0,82.24096386,feather,pírko.png,PICTURE_97.png
Czech,98,83,0,tygr,100,0,0,81.77108434,tiger,tygr.png,PICTURE_98.png
Czech,99,83,0.328400714,obraz,93.97590361,0,0,87.46987952,painting,obraz.png,PICTURE_99.png
Czech,100,83,0,nos,100,0,0,94.61445783,nose,nos.png,PICTURE_100.png
Czech,101,83,0.707232494,bicí,80.72289157,0,0,82.21686747,drum kit,bicí.png,PICTURE_101.png
Czech,102,83,0,vlasy,100,0,2.409638554,95.1686747,hair,vlasy.png,PICTURE_102.png
Czech,104,83,0.226410948,výtah,96.34146341,0,1.204819277,88.6626506,lift,výtah.png,PICTURE_104.png
Czech,105,83,2.034241284,jelen,38.75,2.409638554,1.204819277,68.71084337,deer,jelen.png,PICTURE_105.png
Czech,106,83,0.226410948,skleník,96.34146341,0,1.204819277,83.75903614,greenhouse,skleník.png,PICTURE_106.png
Czech,107,83,0.468166641,saxofon,92.30769231,1.204819277,4.819277108,73.77108434,saxophone,saxofon.png,PICTURE_107.png
Czech,108,83,0.588169947,kalendář,88.88888889,0,2.409638554,87.07228916,calendar,kalendář.png,PICTURE_108.png
Czech,110,83,0,stůl,100,0,1.204819277,93.09638554,table,stůl.png,PICTURE_110.png
Czech,111,83,0,drak,100,0,1.204819277,71.8313253,dragon,drak.png,PICTURE_111.png
Czech,112,83,0.329974284,plíce,95.12195122,0,1.204819277,80.97590361,lung,plíce.png,PICTURE_112.png
Czech,113,83,0.235193382,jezero,96.15384615,0,6.024096386,87.26506024,lake,jezero.png,PICTURE_113.png
Czech,114,83,0,ovoce,100,0,0,94.40963855,fruit,ovoce.png,PICTURE_114.png
Czech,115,83,0.163860513,hroch,97.59036145,0,0,76.8313253,hippo,hroch.png,PICTURE_115.png
Czech,116,83,0.281193796,oheň,95.12195122,0,1.204819277,90.07228916,fire,oheň.png,PICTURE_116.png
Czech,117,83,1.050053454,kůň,71.60493827,1.204819277,1.204819277,83.39759036,horse,kůň.png,PICTURE_117.png
Czech,118,83,1.392075612,rána,55.55555556,0,2.409638554,80.84337349,cut,rána.png,PICTURE_118.png
Czech,121,83,0.867629312,bludiště,71.08433735,0,0,79.53012048,maze,bludiště.png,PICTURE_121.png
Czech,122,83,0,židle,100,0,0,94.40963855,chair,židle.png,PICTURE_122.png
Czech,124,83,0.659375881,roh,82.92682927,0,1.204819277,90.18072289,corner,roh.png,PICTURE_124.png
Czech,125,83,0,kiwi,100,0,0,89.78313253,kiwi,kiwi.png,PICTURE_125.png
Czech,126,83,0,padák,100,2.409638554,2.409638554,72.5060241,parachute,padák.png,PICTURE_126.png
Czech,127,83,0.239873825,pytel,96.05263158,1.204819277,7.228915663,77.45783133,sack,pytel.png,PICTURE_127.png
Czech,128,83,1.224103703,panenka,73.17073171,0,1.204819277,81.46987952,doll,panenka.png,PICTURE_128.png
Czech,129,83,0,citron,100,0,0,91.86746988,lemon,citron.png,PICTURE_129.png
Czech,131,83,1.251820953,zpěvák,75.6097561,0,1.204819277,87.03614458,singer,zpěvák.png,PICTURE_131.png
Czech,137,83,1.610144114,krysa,46.91358025,0,1.219512195,77.87951807,rat,krysa.png,PICTURE_137.png
Czech,138,83,0,lednice,100,0,1.219512195,92.6626506,fridge,lednice.png,PICTURE_138.png
Czech,139,83,0.893957458,duch,80.24691358,0,1.219512195,69.62650602,ghost,duch.png,PICTURE_139.png
Czech,140,83,0,kohoutek,100,0,1.204819277,88.48192771,tap,kohoutek.png,PICTURE_140.png
Czech,141,83,0,slunečnice,100,0,0,88.74698795,sunflower,slunečnice.png,PICTURE_141.png
Czech,142,83,0,sklenice,100,0,1.219512195,93.5060241,glass,sklenice.png,PICTURE_142.png
Czech,145,83,0.163860513,koš,97.59036145,0,0,92.25301205,bin,koš.png,PICTURE_145.png
Czech,146,83,0.72275657,oliva,87.69230769,16.86746988,4.819277108,63.71084337,olive,oliva.png,PICTURE_146.png
Czech,148,83,0.901170196,dýmka,68.29268293,0,1.204819277,75.91566265,pipe,dýmka.png,PICTURE_148.png
Czech,149,83,0.874931588,klíčová dírka,70.51282051,3.614457831,2.409638554,80.87951807,keyhole,klíčová dírka.png,PICTURE_149.png
Czech,150,83,1.172479503,louže,55.42168675,0,0,88.61445783,puddle,louže.png,PICTURE_150.png
Czech,152,83,0.975119065,šnek,59.25925926,0,1.219512195,85.03614458,snail,šnek.png,PICTURE_152.png
Czech,153,83,0,cigareta,100,0,0,82.59036145,cigarette,cigareta.png,PICTURE_153.png
Czech,154,83,0,domino,100,1.204819277,1.204819277,81.90361446,dominoes,domino.png,PICTURE_154.png
Czech,155,83,1.820913471,náboj,48.48484848,10.84337349,9.638554217,57.86746988,bullet,náboj.png,PICTURE_155.png
Czech,156,83,0.331305613,flétna,93.90243902,1.204819277,0,81.22891566,recorder,flétna.png,PICTURE_156.png
Czech,159,83,0.543564443,vousy,87.5,0,2.43902439,87.13253012,beard,vousy.png,PICTURE_159.png
Czech,160,83,0.554331553,kolečko,90.24390244,0,1.204819277,86.87951807,wheelbarrow,kolečko.png,PICTURE_160.png
Czech,161,83,0.165427034,kravata,97.56097561,0,1.204819277,87.09638554,tie,kravata.png,PICTURE_161.png
Czech,163,83,0.331305613,kokos,93.90243902,0,1.204819277,86.3373494,coconut,kokos.png,PICTURE_163.png
Czech,164,83,0.493619187,silnice,92.68292683,0,1.204819277,90.40963855,road,silnice.png,PICTURE_164.png
Czech,165,83,0.659375881,pásek,82.92682927,0,1.204819277,89.89156627,belt,pásek.png,PICTURE_165.png
Czech,167,83,0,tkanička,100,0,2.409638554,89.84337349,lace,tkanička.png,PICTURE_167.png
Czech,169,83,0,záda,100,0,3.614457831,91.48192771,back,záda.png,PICTURE_169.png
Czech,170,83,0,branka,100,0,0,87.5060241,goal,branka.png,PICTURE_170.png
Czech,172,83,0.228538144,papoušek,96.2962963,0,1.219512195,82.56626506,parrot,papoušek.png,PICTURE_172.png
Czech,173,83,0,lékárna,100,0,1.204819277,87.10843373,pharmacy,lékárna.png,PICTURE_173.png
Czech,175,83,0,malíř,100,0,3.658536585,84.48192771,artist,malíř.png,PICTURE_175.png
Czech,177,83,0.328400714,muchomůrka,93.97590361,0,0,82.36144578,mushroom,muchomůrka.png,PICTURE_177.png
Czech,178,83,0.448968499,most,92.59259259,0,1.219512195,83.61445783,bridge,most.png,PICTURE_178.png
Czech,181,83,0,trojúhelník,100,0,0,90.96385542,triangle,trojúhelník.png,PICTURE_181.png
Czech,184,83,0,čarodějnice,100,0,4.819277108,75.53012048,witch,čarodějnice.png,PICTURE_184.png
Czech,185,83,0.553817723,míč,90.36144578,0,0,88.53012048,football,míč.png,PICTURE_185.png
Czech,186,83,0.450352214,motor,92.64705882,12.04819277,6.024096386,55.25301205,engine,motor.png,PICTURE_186.png
Czech,187,83,2.070760273,město,49.36708861,0,3.658536585,83.85542169,city,město.png,PICTURE_187.png
Czech,189,83,0.331305613,krokodýl,93.90243902,0,1.204819277,75.26506024,crocodile,krokodýl.png,PICTURE_189.png
Czech,190,83,0.420809489,déšť,91.46341463,0,1.204819277,91.6626506,rain,déšť.png,PICTURE_190.png
Czech,191,83,0.336396957,salát,95,0,3.614457831,90.1686747,salad,salát.png,PICTURE_191.png
Czech,192,83,1.185293928,teploměr,77.04918033,15.6626506,10.84337349,58.63855422,thermometer,teploměr.png,PICTURE_192.png
Czech,193,83,0,medúza,100,1.204819277,1.204819277,76.01204819,jellyfish,medúza.png,PICTURE_193.png
Czech,196,83,0.163860513,počítač,97.59036145,0,0,91.72289157,computer,počítač.png,PICTURE_196.png
Czech,197,83,0,kružítko,100,0,0,86.84337349,compass,kružítko.png,PICTURE_197.png
Czech,199,83,0,sukně,100,0,1.204819277,85.28915663,skirt,sukně.png,PICTURE_199.png
Czech,200,83,0.918295834,trumpeta,66.66666667,0,1.219512195,76.85542169,trumpet,trumpeta.png,PICTURE_200.png
Czech,204,83,0,tiskárna,100,0,2.409638554,90.46987952,printer,tiskárna.png,PICTURE_204.png
Czech,205,83,0,kotník,100,0,3.614457831,89.98795181,ankle,kotník.png,PICTURE_205.png
Czech,207,83,0.167026804,jizva,97.5308642,0,2.409638554,86.1686747,scar,jizva.png,PICTURE_207.png
Czech,208,83,0,mikrofon,100,0,1.204819277,86.04819277,microphone,mikrofon.png,PICTURE_208.png
Czech,209,83,0,bumerang,100,3.614457831,1.204819277,72.5060241,boomerang,bumerang.png,PICTURE_209.png
Czech,210,83,1.308824088,bradavka,47.5,0,3.614457831,92.81927711,nipple,bradavka.png,PICTURE_210.png
Czech,212,83,0,váhy,100,0,3.614457831,83.42168675,scales,váhy.png,PICTURE_212.png
Czech,216,83,0,kladivo,100,0,0,86.87951807,hammer,kladivo.png,PICTURE_216.png
Czech,218,83,0,plena,100,0,2.409638554,78.54216867,nappy,plena.png,PICTURE_218.png
Czech,220,83,0.226410948,racek,96.34146341,0,1.204819277,81.45783133,seagull,racek.png,PICTURE_220.png
Czech,221,83,0,dudlík,100,0,0,83.3373494,dummy,dudlík.png,PICTURE_221.png
Czech,222,83,0,koleno,100,0,1.204819277,91.12048193,knee,koleno.png,PICTURE_222.png
Czech,223,83,0,zip,100,0,0,89.86746988,zip,zip.png,PICTURE_223.png
Czech,224,83,0,štětec,100,0,0,85.56626506,Paint brush,štětec.png,PICTURE_224.png
Czech,226,83,0,vlak,100,0,1.204819277,90.97590361,train,vlak.png,PICTURE_226.png
Czech,227,83,0,zeď,100,0,3.614457831,87.08433735,wall,zeď.png,PICTURE_227.png
Czech,228,83,0.340373286,žalud,93.67088608,2.409638554,2.409638554,81.42168675,acorn,žalud.png,PICTURE_228.png
Czech,231,83,1.21850143,prso,73.41772152,0,4.819277108,87.96385542,chest,prso.png,PICTURE_231.png
Czech,232,83,0,lama,100,2.409638554,4.819277108,70.02409639,llama,lama.png,PICTURE_232.png
Czech,233,83,1.548461394,sůl,42.68292683,0,0,90.89156627,salt,sůl.png,PICTURE_233.png
Czech,234,83,0.689017872,talíř,89.61038961,3.614457831,3.614457831,86.51807229,plate,talíř.png,PICTURE_234.png
Czech,235,83,0,jehla,100,0,1.204819277,87.36144578,needle,jehla.png,PICTURE_235.png
Czech,236,83,0,žirafa,100,0,0,81.06024096,giraffe,žirafa.png,PICTURE_236.png
Czech,238,83,0,puzzle,100,0,2.409638554,88.08433735,puzzle,puzzle.png,PICTURE_238.png
Czech,239,83,1.407572213,žena,64.1025641,0,6.024096386,89.60240964,woman,žena.png,PICTURE_239.png
Czech,240,83,0.930699003,věž,82.27848101,0,3.658536585,78.84337349,castle,věž.png,PICTURE_240.png
Czech,241,83,0,oko,100,0,1.204819277,94.45783133,eye,oko.png,PICTURE_241.png
Czech,242,83,0.596104546,pošťák,85.54216867,0,0,85.57831325,postman,pošťák.png,PICTURE_242.png
Czech,244,83,0,žárovka,100,0,1.204819277,89.93975904,lightbulb,žárovka.png,PICTURE_244.png
Czech,245,83,0,kořeny,100,0,0,86.02409639,roots,kořeny.png,PICTURE_245.png
Czech,246,83,0.168660931,zubař,97.5,0,3.614457831,89.22891566,dentist,zubař.png,PICTURE_246.png
Czech,247,83,0,mozek,100,0,0,84.24096386,brain,mozek.png,PICTURE_247.png
Czech,248,83,1.934370514,vozík,48.64864865,2.409638554,8.43373494,60.07228916,cart,vozík.png,PICTURE_248.png
Czech,249,83,0,brambora,100,1.204819277,0,91.84337349,potato,brambora.png,PICTURE_249.png
Czech,252,83,0,ještěrka,100,0,1.204819277,81.69879518,lizard,ještěrka.png,PICTURE_252.png
Czech,253,83,0,sbor,100,0,3.614457831,81.3253012,choir,sbor.png,PICTURE_253.png
Czech,254,83,0.394203354,řezník,93.82716049,0,2.409638554,78.98795181,butcher,řezník.png,PICTURE_254.png
Czech,255,83,0.796639467,lopata,75.90361446,0,0,84.78313253,shovel,lopata.png,PICTURE_255.png
Czech,258,83,0,bageta,100,0,0,91.43373494,baguette,bageta.png,PICTURE_258.png
Czech,260,83,0,ostrov,100,0,2.409638554,81.14457831,island,ostrov.png,PICTURE_260.png
Czech,261,83,0.167026804,lampa,97.5308642,0,2.409638554,88.79518072,lamp post,lampa.png,PICTURE_261.png
Czech,264,83,0.98223093,ruka,57.8313253,0,0,93.80722892,hand,ruka.png,PICTURE_264.png
Czech,265,83,0.343100308,pirát,94.87179487,0,6.024096386,70.55421687,pirate,pirát.png,PICTURE_265.png
Czech,266,83,0,podpatek,100,0,3.614457831,83,heel,podpatek.png,PICTURE_266.png
Czech,267,83,0.386891714,uzel,93.97590361,0,0,85.14457831,knot,uzel.png,PICTURE_267.png
Czech,268,83,0,postel,100,0,3.614457831,95.55421687,bed,postel.png,PICTURE_268.png
Czech,269,83,0.28907946,chameleon,94.93670886,1.204819277,3.614457831,72.72289157,chameleon,chameleon.png,PICTURE_269.png
Czech,270,83,0,šipka,100,0,1.204819277,87.93975904,arrow,šipka.png,PICTURE_270.png
Czech,271,83,0.328400714,králík,93.97590361,0,0,84.44578313,rabbit,králík.png,PICTURE_271.png
Czech,273,83,0,autobus,100,0,0,91,bus,autobus.png,PICTURE_273.png
Czech,275,83,1.642885328,plášť,71.05263158,2.409638554,6.024096386,70.56626506,cape,plášť.png,PICTURE_275.png
Czech,277,83,0.390509918,paruka,93.90243902,0,1.204819277,78.09638554,wig,paruka.png,PICTURE_277.png
Czech,278,83,0,buben,100,0,0,82.31325301,drum,buben.png,PICTURE_278.png
Czech,281,83,0.513072912,granátové jablko,91.02564103,1.204819277,4.819277108,77.93975904,pomegranate,granátové jablko.png,PICTURE_281.png
Czech,282,83,0,nosorožec,100,1.204819277,2.409638554,77.6626506,rhino,nosorožec.png,PICTURE_282.png
Czech,283,83,0.163860513,limuzína,97.59036145,0,0,77.02409639,limo,limuzína.png,PICTURE_283.png
Czech,285,83,0,mrkev,100,0,0,93.44578313,carrot,mrkev.png,PICTURE_285.png
Czech,286,83,0,tunel,100,0,0,87.89156627,tunnel,tunel.png,PICTURE_286.png
Czech,288,83,0.28376897,les,95.0617284,0,2.409638554,89.63855422,forest,les.png,PICTURE_288.png
Czech,289,83,0.975119065,nehet,59.25925926,0,2.409638554,90.15662651,nail,nehet.png,PICTURE_289.png
Czech,290,83,0,klec,100,0,0,81.31325301,cage,klec.png,PICTURE_290.png
Czech,291,83,0.798437695,spoušť,83.33333333,1.204819277,4.819277108,71.01204819,trigger,spoušť.png,PICTURE_291.png
Czech,292,83,0.172036949,kompas,97.43589744,1.204819277,4.819277108,74.84337349,compass,kompas.png,PICTURE_292.png
Czech,293,83,0.982593821,dinosaurus,82.71604938,0,1.219512195,70.89156627,dinosaur,dinosaurus.png,PICTURE_293.png
Czech,294,83,1.081109576,instalatér,73.17073171,1.204819277,0,79.18072289,plumber,instalatér.png,PICTURE_294.png
Czech,295,83,0.554331553,vlajka,90.24390244,0,1.204819277,83.31325301,flag,vlajka.png,PICTURE_295.png
Czech,297,83,0,letadlo,100,0,0,88.3373494,aeroplane,letadlo.png,PICTURE_297.png
Czech,299,83,0,pštros,100,0,1.204819277,77.46987952,ostrich,pštros.png,PICTURE_299.png
Czech,301,83,0.583055941,meč,89.02439024,0,1.204819277,73.95180723,sword,meč.png,PICTURE_301.png
Czech,303,83,0.394814846,mim,92.20779221,0,7.228915663,70.02409639,mime,mim.png,PICTURE_303.png
Czech,307,83,0.394203354,křídlo,93.82716049,0,2.409638554,83.71084337,wing,křídlo.png,PICTURE_307.png
Czech,308,83,0,kostka,100,0,1.204819277,89.91566265,dice,kostka.png,PICTURE_308.png
Czech,309,83,0,zmrzlina,100,0,1.204819277,92,ice cream,zmrzlina.png,PICTURE_309.png
Czech,310,83,0.645100644,obálka,83.5443038,1.219512195,2.43902439,87.04819277,envelope,obálka.png,PICTURE_310.png
Czech,311,83,1.139600273,žiletka,71.08433735,0,0,89.54216867,razor,žiletka.png,PICTURE_311.png
Czech,312,83,1.496710208,květ,50.63291139,0,3.658536585,81.06024096,flower,květ.png,PICTURE_312.png
Czech,313,83,1.125142412,kadeřník,56.09756098,0,0,86.8313253,barber,kadeřník.png,PICTURE_313.png
Czech,314,83,1.314203576,parfém,55.69620253,0,4.819277108,83.75903614,perfume,parfém.png,PICTURE_314.png
Czech,315,83,0.687940143,ufo,86.41975309,0,2.409638554,61.02409639,spaceship,ufo.png,PICTURE_315.png
Czech,317,83,0,voják,100,0,0,79.93975904,soldier,voják.png,PICTURE_317.png
Czech,318,83,0.417280691,list,91.56626506,0,0,89.26506024,leaf,list.png,PICTURE_318.png
Czech,319,83,0,kráva,100,0,1.204819277,87.62650602,cow,kráva.png,PICTURE_319.png
Czech,320,83,1.415377,kostel,71.60493827,0,2.409638554,79.55421687,church,kostel.png,PICTURE_320.png
Czech,323,83,0.165427034,sova,97.56097561,0,1.204819277,78.59036145,owl,sova.png,PICTURE_323.png
Czech,324,83,0.664159328,ryba,82.71604938,0,2.409638554,82.61445783,fish dish,ryba.png,PICTURE_324.png
Czech,326,83,0,rajče,100,0,1.219512195,93.84337349,tomato,rajče.png,PICTURE_326.png
Czech,327,83,0.380946586,helma,92.59259259,0,1.219512195,82.06024096,helmet,helma.png,PICTURE_327.png
Czech,330,83,0.975809392,krokodýl,77.5,1.219512195,1.219512195,69.44578313,crocodile,krokodýl.png,PICTURE_330.png
Czech,331,83,0,podprsenka,100,0,0,90.44578313,bra,podprsenka.png,PICTURE_331.png
Czech,335,83,0,máslo,100,7.228915663,1.204819277,84.5060241,butter,máslo.png,PICTURE_335.png
Czech,336,83,0.28376897,pravítko,95.0617284,1.204819277,1.204819277,86.26506024,ruler,pravítko.png,PICTURE_336.png
Czech,337,83,2.650018248,příšera,38.98305085,13.25301205,15.6626506,37.73493976,monster,příšera.png,PICTURE_337.png
Czech,338,83,0.163860513,dárek,97.59036145,0,0,88.60240964,present,dárek.png,PICTURE_338.png
Czech,340,83,0,zrcadlo,100,0,0,91.45783133,mirror,zrcadlo.png,PICTURE_340.png
Czech,341,83,0,ploutev,100,2.409638554,2.409638554,72.48192771,flipper,ploutev.png,PICTURE_341.png
Czech,342,83,1.308878186,noc,74.02597403,0,7.228915663,90.73493976,night,noc.png,PICTURE_342.png
Czech,343,83,0.226410948,lahev,96.34146341,0,0,91.08433735,bottle,lahev.png,PICTURE_343.png
Czech,346,83,0.340373286,síť,93.67088608,3.614457831,1.204819277,74.51807229,net,síť.png,PICTURE_346.png
Czech,348,83,0,paprika,100,0,0,92.19277108,pepper,paprika.png,PICTURE_348.png
Czech,349,83,0,zámek,100,0,0,88.59036145,lock,zámek.png,PICTURE_349.png
Czech,350,83,0,bible,100,0,1.204819277,79.93975904,bible,bible.png,PICTURE_350.png
Czech,351,83,0.226410948,motýl,96.34146341,0,1.204819277,84.98795181,butterfly,motýl.png,PICTURE_351.png
Czech,353,83,0,tričko,100,0,0,94.4939759,T-shirt,tričko.png,PICTURE_353.png
Czech,354,83,0.596104546,koza,85.54216867,0,0,84.68674699,goat,koza.png,PICTURE_354.png
Czech,357,83,0,kytara,100,0,1.204819277,89.09638554,guitar,kytara.png,PICTURE_357.png
Czech,358,83,0.163860513,auto,97.59036145,0,0,91.37349398,car,auto.png,PICTURE_358.png
Czech,359,83,0,nůž,100,0,0,92.37349398,knife,nůž.png,PICTURE_359.png
Czech,361,83,0,delfín,100,0,2.409638554,80.6746988,dolphin,delfín.png,PICTURE_361.png
Czech,362,83,0,bazén,100,0,0,89.03614458,pool,bazén.png,PICTURE_362.png
Czech,363,83,0.499179836,větrák,89.02439024,0,1.204819277,84.84337349,fan,větrák.png,PICTURE_363.png
Czech,365,83,0,ježek,100,0,0,85.3373494,hedgehog,ježek.png,PICTURE_365.png
Czech,367,83,1.563484719,kopí,60.81081081,4.819277108,6.024096386,62.90361446,spear,kopí.png,PICTURE_367.png
Czech,368,83,0,vějíř,100,0,2.409638554,80.10843373,fan,vějíř.png,PICTURE_368.png
Czech,369,83,0.281193796,hrnec,95.12195122,0,1.204819277,90.24096386,pot,hrnec.png,PICTURE_369.png
Czech,370,83,1.264604333,štír,64.63414634,0,1.204819277,68.86746988,scorpion,štír.png,PICTURE_370.png
Czech,373,83,0,květák,100,0,0,87.08433735,cauliflower,květák.png,PICTURE_373.png
Czech,376,83,0.390509918,sochař,93.90243902,1.204819277,0,77.3253012,sculptor,sochař.png,PICTURE_376.png
Czech,378,83,1.27198359,rak,60.24096386,0,0,73.78313253,lobster,rak.png,PICTURE_378.png
Czech,379,83,0,zebra,100,0,0,82.06024096,zebra,zebra.png,PICTURE_379.png
Czech,380,83,0.167026804,gorila,97.5308642,0,2.409638554,80.09638554,gorilla,gorila.png,PICTURE_380.png
Czech,381,83,0,jahoda,100,0,0,93.53012048,strawberry,jahoda.png,PICTURE_381.png
Czech,383,83,0,mince,100,1.204819277,2.409638554,87.04819277,coin,mince.png,PICTURE_383.png
Czech,386,83,0,bomba,100,0,0,72.08433735,bomb,bomba.png,PICTURE_386.png
Czech,387,83,0.336396957,sešívačka,95,0,3.614457831,87.53012048,stapler,sešívačka.png,PICTURE_387.png
Czech,388,83,0.947435136,kabelka,63.41463415,0,0,83.90361446,bag,kabelka.png,PICTURE_388.png
Czech,390,83,1.99963553,sníh,56.62650602,0,0,88.80722892,snow,sníh.png,PICTURE_390.png
Czech,391,83,0,řetěz,100,0,1.204819277,84.44578313,chain,řetěz.png,PICTURE_391.png
Czech,392,83,0.167026804,konvice,97.5308642,0,2.409638554,87.87951807,teapot,konvice.png,PICTURE_392.png
Czech,397,83,1.349499769,fík,60,9.638554217,6.024096386,69.90361446,onion,fík.png,PICTURE_397.png
Czech,398,83,0,volant,100,0,0,87.42168675,steering wheel,volant.png,PICTURE_398.png
Czech,399,83,0.661130557,baletka,89.15662651,0,0,80.8313253,ballerina,baletka.png,PICTURE_399.png
Czech,400,83,0.976310287,kachna,59.03614458,0,0,85.5060241,duck,kachna.png,PICTURE_400.png
Czech,404,83,0.230709956,vážka,96.25,1.204819277,2.409638554,76.03614458,dragonfly,vážka.png,PICTURE_404.png
Czech,405,83,0,kotva,100,0,0,80.22891566,anchor,kotva.png,PICTURE_405.png
Czech,407,83,0.165427034,hora,97.56097561,0,1.204819277,87.09638554,mountain,hora.png,PICTURE_407.png
Czech,408,83,0.964956767,ukazováček,60.97560976,0,1.204819277,93.31325301,finger,ukazováček.png,PICTURE_408.png
Czech,409,83,1.516334564,špunt,45.20547945,8.43373494,3.614457831,79.61445783,cork,špunt.png,PICTURE_409.png
Czech,410,83,0.28907946,pistácie,94.93670886,0,4.819277108,84.3253012,pistachio,pistácie.png,PICTURE_410.png
Czech,411,83,0,pěst,100,0,0,89.92771084,fist,pěst.png,PICTURE_411.png
Czech,412,83,0.230709956,továrna,96.25,0,3.614457831,79.24096386,factory,továrna.png,PICTURE_412.png
Czech,413,83,0.707682195,tetování,86.25,0,3.614457831,80.03614458,tattoo,tetování.png,PICTURE_413.png
Czech,414,83,0,lampa,100,0,0,90.6626506,lamp,lampa.png,PICTURE_414.png
Czech,416,83,0.163860513,ponožka,97.59036145,0,0,93,sock,ponožka.png,PICTURE_416.png
Czech,418,83,0.465069845,závěs,90.12345679,0,1.219512195,85.92771084,curtain,závěs.png,PICTURE_418.png
Czech,420,83,0.163860513,trůn,97.59036145,0,0,75.22891566,throne,trůn.png,PICTURE_420.png
Czech,422,83,0,sekera,100,0,0,84.54216867,axe,sekera.png,PICTURE_422.png
Czech,423,83,0.163860513,vejce,97.59036145,0,0,92.98795181,egg,vejce.png,PICTURE_423.png
Czech,425,83,0,dudy,100,7.228915663,1.204819277,63.68674699,bagpipes,dudy.png,PICTURE_425.png
Czech,426,83,0,hřeben,100,0,1.204819277,88.55421687,comb,hřeben.png,PICTURE_426.png
Czech,428,83,0.377646321,krab,92.68292683,1.204819277,0,77.27710843,crab,krab.png,PICTURE_428.png
Czech,430,83,0.230709956,pták,96.25,2.409638554,1.204819277,73.12048193,bird,pták.png,PICTURE_430.png
Czech,431,83,0.943876757,rukavice,63.85542169,0,0,87.45783133,glove,rukavice.png,PICTURE_431.png
Czech,433,83,0,zvonek,100,0,0,82.30120482,bell,zvonek.png,PICTURE_433.png
Czech,437,83,0.997380663,dělo,53.01204819,0,0,73.01204819,cannon,dělo.png,PICTURE_437.png
Czech,438,83,0,palec,100,0,0,93.1686747,thumb,palec.png,PICTURE_438.png
Czech,439,83,0.716099223,sopka,87.80487805,0,0,75.77108434,volcano,sopka.png,PICTURE_439.png
Czech,441,83,1.340484752,klobása,72.15189873,0,3.658536585,78.68674699,sausage,klobása.png,PICTURE_441.png
Czech,442,83,0,ananas,100,0,1.204819277,87.54216867,pineapple,ananas.png,PICTURE_442.png
Czech,446,83,0.802432793,prase,81.25,0,2.43902439,86.28915663,pig,prase.png,PICTURE_446.png
Czech,447,83,0,hvězda,100,0,3.614457831,86.65060241,star,hvězda.png,PICTURE_447.png
Czech,448,83,0.806349515,sklenice,75.30864198,0,2.409638554,84.78313253,jar,sklenice.png,PICTURE_448.png
Czech,449,83,0,lavička,100,0,0,90.13253012,bench,lavička.png,PICTURE_449.png
Czech,451,83,0.428069629,král,91.25,0,2.43902439,80.13253012,king,král.png,PICTURE_451.png
Czech,452,83,0,hodinky,100,0,0,88.3253012,watch,hodinky.png,PICTURE_452.png
Czech,453,83,0,nůžky,100,0,0,92.80722892,scissors,nůžky.png,PICTURE_453.png
Czech,454,83,0.540365126,slepice,90.24390244,0,0,87.56626506,chicken,slepice.png,PICTURE_454.png
Czech,455,83,0.654992141,chodidlo,86.74698795,0,0,92.5060241,foot,chodidlo.png,PICTURE_455.png
Czech,456,83,1.350809196,olej,77.21518987,0,4.819277108,77.3253012,oil,olej.png,PICTURE_456.png
Czech,457,83,0.707682195,pyramida,86.25,2.409638554,1.204819277,72.79518072,pyramid,pyramida.png,PICTURE_457.png
Czech,458,83,0.716099223,skříň,87.80487805,0,0,89.59036145,wardrobe,skříň.png,PICTURE_458.png
Czech,461,83,0.498995811,pistole,91.35802469,0,2.409638554,76.42168675,gun,pistole.png,PICTURE_461.png
Czech,462,83,0,moucha,100,1.204819277,1.204819277,86.93975904,fly,moucha.png,PICTURE_462.png
Czech,463,83,0.173781323,obdélník,97.4025974,0,7.228915663,87.40963855,rectangle,obdélník.png,PICTURE_463.png
Czech,464,83,0,guma,100,1.204819277,0,87.06024096,rubber,guma.png,PICTURE_464.png
Czech,465,83,0.444838699,nůž,92.68292683,0,0,87.89156627,knife,nůž.png,PICTURE_465.png
Czech,466,83,0,soudce,100,0,1.204819277,77.44578313,judge,soudce.png,PICTURE_466.png
Czech,467,83,0,kolíček,100,0,1.204819277,90.63855422,peg,kolíček.png,PICTURE_467.png
Czech,472,83,0.281193796,čtverec,95.12195122,0,1.204819277,91.03614458,square,čtverec.png,PICTURE_472.png
Czech,473,83,0.856114628,paže,71.95121951,0,1.204819277,93.60240964,arm,paže.png,PICTURE_473.png
Czech,476,83,0,zástěra,100,0,0,86.91566265,apron,zástěra.png,PICTURE_476.png
Czech,477,83,0,avokádo,100,0,1.204819277,83.91566265,avocado,avokádo.png,PICTURE_477.png
Czech,478,83,0,umyvadlo,100,1.204819277,0,91.20481928,sink,umyvadlo.png,PICTURE_478.png
Czech,479,83,0,klokan,100,0,0,77.31325301,kangaroo,klokan.png,PICTURE_479.png
Czech,480,83,0,růže,100,0,0,88.5060241,rose,růže.png,PICTURE_480.png
Czech,482,83,1.1106295,loďka,79.51807229,0,0,80.22891566,boat,loďka.png,PICTURE_482.png
Czech,484,83,0,veverka,100,0,0,86.98795181,squirrel,veverka.png,PICTURE_484.png
Czech,487,83,0,košík,100,0,0,86.14457831,basket,košík.png,PICTURE_487.png
Czech,488,83,0,slunce,100,0,0,91.78313253,sun,slunce.png,PICTURE_488.png
Czech,489,83,0.165427034,pizza,97.56097561,0,1.204819277,92.57831325,pizza,pizza.png,PICTURE_489.png
Czech,491,83,0.165427034,koberec,97.56097561,0,1.204819277,88.62650602,rug,koberec.png,PICTURE_491.png
Czech,493,83,1.772521458,skunk,45.12195122,0,1.204819277,64.61445783,skunk,skunk.png,PICTURE_493.png
Czech,494,83,0,knír,100,0,1.204819277,85.72289157,moustache,knír.png,PICTURE_494.png
Czech,496,83,1.086048612,kruh,66.66666667,0,1.219512195,88.53012048,circle,kruh.png,PICTURE_496.png
Czech,497,83,0,rakev,100,0,0,80.31325301,coffin,rakev.png,PICTURE_497.png
Czech,499,83,1.51437369,kluk,49.38271605,0,2.409638554,86.90361446,boy,kluk.png,PICTURE_499.png
Czech,500,83,0.997380663,schodiště,53.01204819,0,0,92.48192771,stairs,schodiště.png,PICTURE_500.png
Czech,501,83,0.741246691,štít,79.01234568,0,2.409638554,74.1686747,shield,štít.png,PICTURE_501.png
Czech,502,83,2.121740025,pastýř,29.48717949,0,6.024096386,70.13253012,farmer,pastýř.png,PICTURE_502.png
Czech,503,83,0,jazyk,100,0,1.204819277,92.71084337,tongue,jazyk.png,PICTURE_503.png
Czech,505,83,0.459311544,kniha,92.5,0,3.614457831,94.3253012,book,kniha.png,PICTURE_505.png
Czech,506,83,0.640256944,blesk,83.75,0,3.614457831,86.28915663,lightning,blesk.png,PICTURE_506.png
Czech,507,83,1.70269217,dítě / mimino,34.93975904,0,0,83.53012048,baby,dítě_mimino.png,PICTURE_507.png
Czech,508,83,0,krabice,100,0,0,91.54216867,box,krabice.png,PICTURE_508.png
Czech,509,83,0.22432696,telefon,96.38554217,0,0,87.3253012,telephone,telefon.png,PICTURE_509.png
Czech,510,83,0.654664053,obličej,83.13253012,0,0,92.13253012,face,obličej.png,PICTURE_510.png
Czech,513,83,0.832856046,rty,81.92771084,0,0,92.60240964,lips,rty.png,PICTURE_513.png
Czech,514,83,0.168660931,ponorka,97.5,1.204819277,2.409638554,70.15662651,submarine,ponorka.png,PICTURE_514.png
Czech,516,83,0,kalkulačka,100,0,0,89.10843373,calculator,kalkulačka.png,PICTURE_516.png
Czech,517,83,0.860778118,provaz,71.60493827,0,2.409638554,81.10843373,rope,provaz.png,PICTURE_517.png
Czech,521,83,0,liška,100,0,0,83.89156627,fox,liška.png,PICTURE_521.png
Czech,522,83,0.167026804,dům,97.5308642,0,2.409638554,89.89156627,house,dům.png,PICTURE_522.png
Czech,524,83,0.573139398,indián,86.41975309,1.204819277,1.204819277,74.15662651,indian,indián.png,PICTURE_524.png
Czech,528,83,0,labuť,100,0,0,86.63855422,swan,labuť.png,PICTURE_528.png
Czech,529,83,0.340373286,mrož,93.67088608,3.614457831,1.204819277,71.80722892,walrus,mrož.png,PICTURE_529.png
Czech,530,83,0,plot,100,0,1.204819277,88.19277108,fence,plot.png,PICTURE_530.png
Czech,531,83,0,želva,100,0,0,80.68674699,turtle,želva.png,PICTURE_531.png
Czech,532,83,0.163860513,klaun,97.59036145,0,0,78.5060241,clown,klaun.png,PICTURE_532.png
Czech,533,83,0.165427034,žralok,97.56097561,0,1.204819277,75.87951807,shark,žralok.png,PICTURE_533.png
Czech,535,83,1.867791419,náklaďák,48.14814815,0,2.409638554,79.89156627,truck,náklaďák.png,PICTURE_535.png
Czech,536,83,0,větev,100,0,0,88.36144578,branch,větev.png,PICTURE_536.png
Czech,537,83,0,otisk prstu,100,0,3.614457831,82.54216867,fingerprint,otisk prstu.png,PICTURE_537.png
Czech,539,83,1.113445794,kosmonaut,67.07317073,0,0,75.30120482,astronaut,kosmonaut.png,PICTURE_539.png
Czech,540,83,0,maják,100,1.204819277,0,81.01204819,lighthouse,maják.png,PICTURE_540.png
Czech,541,83,0.901963633,bota,78.04878049,0,1.204819277,89.48192771,shoe,bota.png,PICTURE_541.png
Czech,544,83,1.14103679,doktor / lékař,48.7804878,0,0,89.01204819,doctor,doktor_lékař.png,PICTURE_544.png
Czech,545,83,0,kalhotky,100,0,0,90.75903614,knickers,kalhotky.png,PICTURE_545.png
Czech,546,83,0,dveře,100,0,0,94.4939759,door,dveře.png,PICTURE_546.png
Czech,547,83,0,netopýr,100,0,1.204819277,80.36144578,bat,netopýr.png,PICTURE_547.png
Czech,549,83,0.893436535,had,83.33333333,0,6.024096386,72.31325301,snake,had.png,PICTURE_549.png
Czech,551,83,0,dýně,100,0,0,85.61445783,pumpkin,dýně.png,PICTURE_551.png
Czech,552,83,0,jablko,100,0,0,94.15662651,apple,jablko.png,PICTURE_552.png
Czech,554,83,0.827585563,loutka,82.92682927,0,0,80.78313253,puppet,loutka.png,PICTURE_554.png
Czech,555,83,1.011648974,snídaně,79.74683544,0,4.819277108,86.09638554,breakfast,snídaně.png,PICTURE_555.png
Czech,557,83,0.558931033,vlk,91.35802469,0,2.409638554,77.45783133,wolf,vlk.png,PICTURE_557.png
Czech,558,83,0,zapalovač,100,7.228915663,1.204819277,77.40963855,lighter,zapalovač.png,PICTURE_558.png
Czech,559,83,0.328400714,okurka,93.97590361,0,0,90.6746988,cucumber,okurka.png,PICTURE_559.png
Czech,560,83,0,meloun,100,0,0,90.03614458,watermelon,meloun.png,PICTURE_560.png
Czech,561,83,0,housenka,100,0,2.409638554,80.73493976,caterpillar,housenka.png,PICTURE_561.png
Czech,562,83,1.48950633,toustovač,56.79012346,1.204819277,1.204819277,85.95180723,toaster,toustovač.png,PICTURE_562.png
Czech,563,83,0.387743181,sup,92.40506329,1.204819277,3.614457831,71.65060241,vulture,sup.png,PICTURE_563.png
Czech,564,83,0,lžička,100,0,0,94.92771084,spoon,lžička.png,PICTURE_564.png
Czech,565,83,0,zvon,100,0,0,84.8313253,bell,zvon.png,PICTURE_565.png
Czech,566,83,0.336396957,housle,95,0,2.43902439,81.92771084,violin,housle.png,PICTURE_566.png
Czech,568,83,0,hrad,100,0,3.658536585,87.68674699,castle,hrad.png,PICTURE_568.png
Czech,569,83,0.666033507,zub,86.41975309,0,2.409638554,89.34939759,tooth,zub.png,PICTURE_569.png
Czech,570,83,0.168660931,býk,97.5,1.204819277,2.409638554,79.63855422,bull,býk.png,PICTURE_570.png
Czech,571,83,0.712064055,magnet,80.48780488,0,1.204819277,77.39759036,magnet,magnet.png,PICTURE_571.png
Czech,572,83,0.455831458,žonglér,90.4109589,2.409638554,9.638554217,69.74698795,juggler,žonglér.png,PICTURE_572.png
Czech,573,83,0.340373286,lilek,93.67088608,1.204819277,3.614457831,82.24096386,aubergine,lilek.png,PICTURE_573.png
Czech,575,83,0,zobák,100,0,1.204819277,82.71084337,beak,zobák.png,PICTURE_575.png
Czech,576,83,0,rukavice,100,0,0,89.44578313,glove,rukavice.png,PICTURE_576.png
Czech,577,83,0.640256944,ledovec,83.75,0,3.614457831,75.53012048,iceberg,ledovec.png,PICTURE_577.png
Czech,578,83,0.461216041,obočí,90.24390244,0,1.204819277,92.39759036,eyebrow,obočí.png,PICTURE_578.png
Czech,579,83,0,slon,100,0,0,80.97590361,elephant,slon.png,PICTURE_579.png
Czech,581,83,0.579670708,chřest,89.70588235,8.43373494,9.638554217,66.81927711,asparagus,chřest.png,PICTURE_581.png
Czech,582,83,0.172036949,laboratoř,97.43589744,0,6.024096386,74.09638554,lab,laboratoř.png,PICTURE_582.png
Czech,584,83,0.686438167,ropucha,81.70731707,0,0,82.6626506,toad,ropucha.png,PICTURE_584.png
Czech,585,83,0,mravenec,100,0,2.409638554,87.51807229,ant,mravenec.png,PICTURE_585.png
Czech,586,83,0,žehlička,100,0,0,88.6626506,iron,žehlička.png,PICTURE_586.png
Czech,587,83,0.226410948,kukuřice,96.34146341,0,0,89.44578313,corn,kukuřice.png,PICTURE_587.png
Czech,588,83,0.394203354,náramek,93.82716049,1.204819277,1.204819277,80.04819277,bracelet,náramek.png,PICTURE_588.png
Czech,590,83,0.331305613,koště,93.90243902,0,1.204819277,89.04819277,broom,koště.png,PICTURE_590.png
Czech,591,83,1.426703435,ručník,73.17073171,0,0,89.56626506,towel,ručník.png,PICTURE_591.png
Czech,592,83,0.659086787,salát,87.65432099,0,2.409638554,86.25301205,lettuce,salát.png,PICTURE_592.png
Czech,593,83,0.163860513,čokoláda,97.59036145,0,0,92.31325301,chocolate,čokoláda.png,PICTURE_593.png
Czech,594,83,1.225079377,injekce,51.80722892,0,0,80.81927711,needle,injekce.png,PICTURE_594.png
Czech,595,83,0.876039692,krychle,77.77777778,0,2.409638554,84.90361446,cube,krychle.png,PICTURE_595.png
Czech,597,83,0.922259647,okno,66.26506024,0,0,87.10843373,window,okno.png,PICTURE_597.png
Czech,599,83,0.503258335,mrak,88.88888889,1.204819277,1.204819277,85.26506024,cloud,mrak.png,PICTURE_599.png
Czech,601,83,0.168660931,koala,97.5,1.204819277,2.409638554,76.44578313,koala,koala.png,PICTURE_601.png
Czech,603,83,0,hřbitov,100,0,1.204819277,88.42168675,graveyard,hřbitov.png,PICTURE_603.png
Czech,605,83,0.170330576,harfa,97.46835443,2.409638554,2.409638554,75.96385542,harp,harfa.png,PICTURE_605.png
Czech,606,83,0.780975688,kočka,76.82926829,0,1.204819277,91.75903614,cat,kočka.png,PICTURE_606.png
Czech,607,83,0.374408845,svetr,92.77108434,0,0,89.59036145,jumper,svetr.png,PICTURE_607.png
Czech,608,83,0.337290067,kondom,93.75,1.204819277,2.409638554,83.31325301,condom,kondom.png,PICTURE_608.png
Czech,609,83,0.420809489,penál,91.46341463,0,1.204819277,88.95180723,pencil case,penál.png,PICTURE_609.png
Czech,610,83,0,med,100,0,0,91.86746988,honey,med.png,PICTURE_610.png
Czech,611,83,1.98315305,květina / rostlina,36.14457831,0,0,84.40963855,plant,květina_rostlina.png,PICTURE_611.png
Czech,612,83,0.839482205,žába,81.70731707,0,1.204819277,82.12048193,frog,žába.png,PICTURE_612.png
Czech,614,83,0.50037222,královna,91.56626506,0,0,79.95180723,queen,královna.png,PICTURE_614.png
Czech,616,83,1.833654114,sušenka,48.52941176,0,18.07228916,47.84337349,biscuit,sušenka.png,PICTURE_616.png
Czech,617,83,0,letiště,100,0,1.204819277,86.74698795,airport,letiště.png,PICTURE_617.png
Czech,619,83,0,mýdlo,100,8.43373494,8.43373494,78.65060241,soap,mýdlo.png,PICTURE_619.png
Czech,621,83,0,tank,100,0,1.204819277,75.31325301,tank,tank.png,PICTURE_621.png
Czech,623,83,1.532768955,vězení,44.59459459,3.614457831,7.228915663,65.87951807,prison,vězení.png,PICTURE_623.png
Czech,624,83,0,osel,100,0,0,82.51807229,donkey,osel.png,PICTURE_624.png
Czech,625,83,0,sáňky,100,0,0,86.63855422,sledge,sáňky.png,PICTURE_625.png
Czech,626,83,1.251508946,klavír,66.25,0,2.43902439,84.69879518,piano,klavír.png,PICTURE_626.png
Czech,627,83,0,párek,100,0,3.614457831,88.44578313,sausage,párek.png,PICTURE_627.png
Czech,628,83,0.278669804,šála,95.18072289,0,0,88.27710843,scarf,šála.png,PICTURE_628.png
Czech,633,83,0,trychtýř,100,2.409638554,1.204819277,82.43373494,funnel,trychtýř.png,PICTURE_633.png
Czech,634,83,1.455637467,dynamit,71.79487179,2.43902439,2.43902439,65.1686747,dynamite,dynamit.png,PICTURE_634.png
Czech,636,83,0,ovce,100,0,1.204819277,84.28915663,sheep,ovce.png,PICTURE_636.png
Czech,637,83,0,medvěd,100,0,0,81.18072289,bear,medvěd.png,PICTURE_637.png
Czech,640,83,0,kaktus,100,0,0,82.78313253,cactus,kaktus.png,PICTURE_640.png
Czech,644,83,0.163860513,kabát,97.59036145,0,0,88.51807229,coat,kabát.png,PICTURE_644.png
Czech,645,83,1.407345667,puška,74.07407407,0,1.219512195,73.91566265,gun,puška.png,PICTURE_645.png
Czech,649,83,0.696075388,sanitka,86.74698795,0,0,84.59036145,ambulance,sanitka.png,PICTURE_649.png
Czech,650,83,0.177389453,houba,97.33333333,3.614457831,6.024096386,73.01204819,sponge,houba.png,PICTURE_650.png
Czech,651,83,1.025087145,polévka,75.94936709,1.204819277,3.614457831,82.53012048,soup,polévka.png,PICTURE_651.png
Czech,652,83,1.026075842,kolo,71.25,0,3.614457831,80.4939759,ferris wheel,kolo.png,PICTURE_652.png
Czech,653,83,0,deštník,100,0,0,91.24096386,umbrella,deštník.png,PICTURE_653.png
Czech,654,83,0,tužka,100,1.204819277,0,91.21686747,pencil,tužka.png,PICTURE_654.png
Czech,656,83,0,baterie,100,0,1.204819277,85.96385542,battery,baterie.png,PICTURE_656.png
Czech,657,83,0,medaile,100,0,0,83.74698795,medal,medaile.png,PICTURE_657.png
Czech,659,83,0.885471007,rádio,86.41975309,0,1.219512195,84.02409639,radio,rádio.png,PICTURE_659.png
Czech,661,83,0.596104546,šuplík,85.54216867,0,0,89.75903614,drawer,šuplík.png,PICTURE_661.png
Czech,662,83,0.782108144,pelikán,86.07594937,3.614457831,1.204819277,69.01204819,pelican,pelikán.png,PICTURE_662.png
Czech,663,83,0,sloup,100,0,0,82.98795181,pillar,sloup.png,PICTURE_663.png
Czech,666,83,0,káva,100,0,0,91.5060241,coffee,káva.png,PICTURE_666.png
Czech,668,83,0.453183732,kuře,92.5,0,3.614457831,86.98795181,chicken,kuře.png,PICTURE_668.png
Czech,669,83,0.278669804,pilot,95.18072289,0,0,76.28915663,pilot,pilot.png,PICTURE_669.png
Czech,671,83,0.754406204,kšandy,78.31325301,0,0,83.57831325,braces,kšandy.png,PICTURE_671.png
Czech,672,83,1.747350531,včela,53.75,0,3.614457831,77.55421687,bee,včela.png,PICTURE_672.png
Czech,673,83,0,vidlička,100,0,1.204819277,95.24096386,fork,vidlička.png,PICTURE_673.png
Czech,675,83,0.163860513,mlýn,97.59036145,0,0,78.09638554,windmill,mlýn.png,PICTURE_675.png
Czech,676,83,0,hůl,100,0,0,82.09638554,walking stick,hůl.png,PICTURE_676.png
Czech,677,83,0,mapa,100,0,2.409638554,89.84337349,map,mapa.png,PICTURE_677.png
Czech,678,83,0.966334094,roh,60.75949367,2.409638554,2.409638554,65.15662651,horn,roh.png,PICTURE_678.png
Czech,680,83,0,luk,100,2.409638554,0,77.90361446,bow,luk.png,PICTURE_680.png
Czech,681,83,0,raketa,100,0,0,72.34939759,rocket,raketa.png,PICTURE_681.png
Czech,682,83,0,tučňák,100,0,1.204819277,81.68674699,penguin,tučňák.png,PICTURE_682.png
Czech,683,83,1.216401005,karavan,66.25,0,3.614457831,75.97590361,caravan,karavan.png,PICTURE_683.png
Czech,687,83,0,košile,100,0,0,92.20481928,shirt,košile.png,PICTURE_687.png
Czech,689,83,0.602639557,akvárium,89.15662651,0,0,86.22891566,fish tank,akvárium.png,PICTURE_689.png
Czech,690,83,0,klobouk,100,0,1.204819277,85.85542169,hat,klobouk.png,PICTURE_690.png
Czech,691,83,0.239873825,muž,96.05263158,0,8.43373494,89.20481928,man,muž.png,PICTURE_691.png
Czech,692,83,0.278669804,třešeň,95.18072289,0,0,90.25301205,cherry,třešeň.png,PICTURE_692.png
Czech,693,83,0,strom,100,0,0,94.07228916,tree,strom.png,PICTURE_693.png
Czech,694,83,0,objetí,100,0,6.024096386,92.10843373,hug,objetí.png,PICTURE_694.png
Czech,697,83,0.744338225,broskev,86.58536585,0,1.204819277,87.79518072,peach,broskev.png,PICTURE_697.png
Czech,698,83,0,náušnice,100,0,3.614457831,84.14457831,earring,náušnice.png,PICTURE_698.png
Czech,699,83,0.712064055,dalekohled,80.48780488,1.204819277,0,75.86746988,telescope,dalekohled.png,PICTURE_699.png
Czech,700,83,2.059341642,pupínek,30.76923077,0,4.87804878,87.86746988,spot,pupínek.png,PICTURE_700.png
Czech,701,83,0.168660931,vrásky,97.5,0,3.614457831,81.92771084,wrinkles,vrásky.png,PICTURE_701.png
Czech,702,83,1.00978791,hasicí přístroj,69.51219512,0,1.204819277,78.90361446,fire extinguisher,hasicí přístroj.png,PICTURE_702.png
Czech,707,83,0.503258335,pes,88.88888889,0,1.219512195,91.53012048,dog,pes.png,PICTURE_707.png
Czech,708,83,1.314051822,šimpanz,65.85365854,0,0,80.15662651,monkey,šimpanz.png,PICTURE_708.png
Czech,709,83,0.54942582,plavec,90.36144578,0,0,85.72289157,swimming,plavec.png,PICTURE_709.png
Czech,710,83,0.999549111,doktor,51.25,0,2.43902439,88.72289157,doctor,doktor.png,PICTURE_710.png
Czech,711,83,0,sekačka,100,0,0,86.95180723,lawnmower,sekačka.png,PICTURE_711.png
Czech,715,83,0.583055941,kulečník,89.02439024,1.204819277,0,81.62650602,pool table,kulečník.png,PICTURE_715.png
Czech,717,83,0.825626526,harmonika,74.07407407,1.204819277,1.204819277,80.21686747,accordion,harmonika.png,PICTURE_717.png
Czech,718,83,0.163860513,kalhoty,97.59036145,0,0,93.74698795,trousers,kalhoty.png,PICTURE_718.png
Czech,720,83,0,drak,100,0,0,84.20481928,kite,drak.png,PICTURE_720.png
Czech,724,83,1.595722128,velryba,61.03896104,3.658536585,2.43902439,69.93975904,whale,velryba.png,PICTURE_724.png
Czech,726,83,0,číšník,100,0,0,88.39759036,waiter,číšník.png,PICTURE_726.png
Czech,727,83,0,hadice,100,0,0,84.8313253,hose,hadice.png,PICTURE_727.png
Czech,729,83,0,socha svobody,100,0,1.204819277,82.26506024,statue of liberty,socha svobody.png,PICTURE_729.png
Czech,730,83,0.553817723,kuchyň,90.36144578,0,0,94.84337349,kitchen,kuchyň.png,PICTURE_730.png
Czech,732,83,0.334268133,míč,93.82716049,0,2.409638554,84.18072289,ball,míč.png,PICTURE_732.png
Czech,733,83,0,brýle,100,0,0,92.15662651,glasses,brýle.png,PICTURE_733.png
Czech,734,83,0,pračka,100,0,0,90.51807229,washing machine,pračka.png,PICTURE_734.png
Czech,736,83,1.404277176,čaroděj,64.47368421,1.219512195,6.097560976,65.98795181,wizard,čaroděj.png,PICTURE_736.png
Czech,740,83,0.380946586,rybář,92.59259259,0,2.409638554,79.51807229,fisherman,rybář.png,PICTURE_740.png
Czech,741,83,0,bonbon,100,0,0,87.63855422,sweet,bonbon.png,PICTURE_741.png
Czech,743,83,0,strašák,100,0,1.204819277,78.40963855,scarecrow,strašák.png,PICTURE_743.png
Czech,745,83,0,studna,100,0,0,82.93975904,well,studna.png,PICTURE_745.png
Czech,746,83,0,kuželka,100,0,0,83.68674699,bowling pin,kuželka.png,PICTURE_746.png
Czech,747,83,0,vana,100,0,0,92.39759036,bath,vana.png,PICTURE_747.png